name,email,age
Damon Leffler,Allen_Wyman35@gmail.com,35
Ms. Mable Blick,Waldo.Waelchi17@hotmail.com,54
Kari Welch,Arnulfo_Gleichner63@hotmail.com,45
Nicolas Turcotte,Levi_Gislason16@hotmail.com,47
Patsy Christiansen,Elise.Toy@yahoo.com,71
Bessie Mosciski,Dorcas0@gmail.com,32
Alberto Cormier,Alysha8@gmail.com,36
Ruby Lind,Casey_McClure21@hotmail.com,67
Leroy Abshire,Reed_Kertzmann50@gmail.com,69
Mr. Patrick Walsh,Emmalee_Volkman36@gmail.com,26
Jason Lesch,Lempi46@gmail.com,50
Jessica Bailey,Carmela_Auer20@hotmail.com,47
Bill Price,Naomie.Koss@yahoo.com,75
Lola Abernathy,Verdie.Murphy@gmail.com,24
Daniel Boehm,Adrianna.Roob@gmail.com,25
Patty Bergnaum,Cristopher_Schuster1@yahoo.com,21
Leslie Berge,Korey.Corwin@hotmail.com,30
Marty Hirthe PhD,Moshe.Morissette45@yahoo.com,46
Ms. Darryl Feeney,Emile26@yahoo.com,72
Irving Schuppe,Tyree54@yahoo.com,23
Mrs. Troy Monahan,Gabrielle77@gmail.com,39
Ginger Luettgen Jr.,Whitney71@yahoo.com,68
Gloria Kemmer,Aglae_Funk55@gmail.com,60
Eloise Moore,Kaya98@hotmail.com,69
Maurice Schiller DDS,Jeremy_Boehm@gmail.com,66
Shannon Senger,Alejandra_Wolff@hotmail.com,45
Ms. Bobbie Emmerich,Janis_Armstrong@yahoo.com,73
Boyd Kautzer,Amya.Rogahn@hotmail.com,37
Brent Parisian,Michael10@yahoo.com,45
Jodi Hyatt DVM,Maximilian.Moore32@hotmail.com,46
Leslie Bernhard,Reyes74@gmail.com,41
Ms. Otis Ankunding,Aisha.Champlin@gmail.com,44
Mario Rogahn,Dina.Haag84@hotmail.com,79
David Hudson,Vita.Hyatt53@yahoo.com,57
Ruth Gutkowski,Selmer79@hotmail.com,62
Joseph Bode,Shania_Goldner@hotmail.com,67
Caroline Hills,Fleta92@yahoo.com,60
Vernon Weissnat,Hazel52@gmail.com,71
Judith Purdy,Ian.Considine7@yahoo.com,28
Ms. Lowell Russel,Garret_Friesen56@gmail.com,22
Salvatore White,Pasquale_Quigley14@hotmail.com,36
Jorge Schulist,Tom.Wiza21@gmail.com,57
Calvin Schimmel,Jason.Bernier@hotmail.com,71
Meghan Schiller,Esteban.Jacobs@gmail.com,45
Mrs. Scott Haag,Krystina72@yahoo.com,78
Tasha Kulas,Belle_Franecki50@yahoo.com,80
Miss Lee Johnson,Ezra33@gmail.com,39
Dawn Conn,Kameron45@gmail.com,40
Bradford Nicolas,Barney38@hotmail.com,69
Patricia Purdy,Santino_Barton69@gmail.com,31
Bert Gerhold DVM,Angela.Schmidt71@yahoo.com,50
Jaime Schulist,Marilou_Gutmann84@gmail.com,48
Miss Jeffery Ledner,Sofia.Cummings@gmail.com,57
Jan Bailey,Terrell38@gmail.com,48
Andres Friesen PhD,Kyla.Murazik62@hotmail.com,72
Lewis Hand,Zaria94@gmail.com,33
Jeanette Schamberger,Guadalupe.Lehner44@gmail.com,50
Allen Bechtelar,Sam15@hotmail.com,67
Diane Lang,Krystel_Veum97@yahoo.com,31
Mr. Orlando Schinner,Shanon_Hartmann@yahoo.com,36
Ismael Kilback,Sebastian_Brown0@yahoo.com,19
Dawn Turner Sr.,Tia.Kirlin44@hotmail.com,22
Jasmine Cummerata,Stanley_Hickle@hotmail.com,43
Rebecca Keeling,Sage87@gmail.com,71
Winston Volkman,Camden65@hotmail.com,77
Nelson Wolf PhD,Emilio16@gmail.com,65
June Konopelski,Ruby.Douglas@hotmail.com,22
Terence Lebsack,Eloisa.Sauer32@gmail.com,20
Oscar Block,Sedrick.Bergstrom66@hotmail.com,31
Mona Kutch,Anya65@hotmail.com,69
Ana Dickens,Chester.Langworth@yahoo.com,71
Vicki Mraz,Wellington.Schaden@gmail.com,57
Dale Ratke DVM,Jade9@gmail.com,66
Mabel Reinger,Russell.Thiel11@hotmail.com,49
Sheila Flatley Sr.,Alfonzo_Denesik24@yahoo.com,21
Delia Cartwright,Mike95@yahoo.com,40
Tyrone Wintheiser II,Demarcus_Nitzsche@yahoo.com,31
Mack Thompson,Anahi_Pfeffer@hotmail.com,23
Jennie Corkery,Tad.Ullrich@gmail.com,62
Rhonda Reynolds,Houston57@gmail.com,24
Mary Medhurst,Jordan.Dietrich37@hotmail.com,63
Jeanne Bahringer,Sedrick_Goyette38@gmail.com,46
Jan Hamill,Ambrose51@gmail.com,49
Carrie Abshire,Tina.Johnson46@gmail.com,47
Clara Rice,Jalon61@hotmail.com,48
Claudia Schimmel,Esta_Hintz@hotmail.com,35
Melody Ferry,Richmond40@gmail.com,57
Rolando Bayer,Murphy.Bogan89@hotmail.com,59
Eleanor Weber,Keely.Shields3@hotmail.com,39
Latoya Daugherty,Eliane.Braun68@gmail.com,43
Mr. George Greenfelder,Priscilla.Kerluke@gmail.com,65
Roy Harvey,Josh65@yahoo.com,64
Dr. Jacqueline Klein,Delfina68@yahoo.com,61
Dominic Halvorson,Marjolaine.Heaney65@yahoo.com,22
Willie Abernathy,Durward.Gleason@yahoo.com,45
Miss Terry Schoen,Clint90@hotmail.com,27
Shelly Parisian,Nicolas_Cassin1@hotmail.com,59
Russell Morar,Corrine_Turner17@gmail.com,32
Margaret Klein,Lexie50@yahoo.com,36
Carroll Berge,Gage.Bernier93@yahoo.com,48
Ms. George Schuppe,Austyn.Abbott54@gmail.com,37
Cathy Lindgren,Nadia86@gmail.com,55
Fred Wilkinson,Nella25@hotmail.com,51
Inez Turner,Asha_Upton@hotmail.com,43
Opal Stroman,Tiara.Greenholt9@gmail.com,65
Mrs. Rita Keebler,Letitia.Ward@hotmail.com,52
Helen Hayes,Jewel.Glover@yahoo.com,32
Milton Bogan,Nakia.Collins@yahoo.com,18
Shari Bernhard,Tess1@yahoo.com,55
Erica Cartwright,Myles_Lowe@hotmail.com,51
Lowell Jacobs,Maymie_Wolff39@yahoo.com,47
Angie Beier MD,Rylan.Flatley@hotmail.com,79
Ms. Everett Willms,Carlos.Rolfson91@gmail.com,52
Harriet Gutmann,Brianne_OConnell24@yahoo.com,18
Emanuel Keebler,Amalia45@gmail.com,78
Andrew Kohler,Anahi48@gmail.com,77
Alberto Beier,Marjorie_Pagac36@hotmail.com,35
Karl Gerhold II,Josephine13@hotmail.com,80
Ada Hilpert,Rosalind91@gmail.com,63
April Feeney,Thora92@yahoo.com,79
Violet Hegmann PhD,Lauretta_Brakus50@gmail.com,61
Nicole Rice,Sydnee_Abshire58@hotmail.com,64
Daryl Volkman,Darwin27@hotmail.com,48
Cecilia McCullough,Maximillian_Morar1@yahoo.com,60
Ramon Ernser,Bernadette.Greenholt20@yahoo.com,29
Luke Predovic,Friedrich48@yahoo.com,79
Miss Ernesto Funk,Kobe_Mertz@gmail.com,59
Miss Heather Toy,Kane.Nader14@gmail.com,67
Marta Berge PhD,Ruthie73@hotmail.com,67
Jacquelyn Luettgen,Heather23@hotmail.com,42
Howard Barton,Marlene77@hotmail.com,50
Simon Bradtke,Leo59@gmail.com,57
Ernest Barton,Ed91@hotmail.com,77
Carla Reinger,Stefan.Rice@hotmail.com,24
Dwight Bartoletti,Lillian7@hotmail.com,29
Mrs. Ignacio MacGyver,Roderick24@yahoo.com,35
Joel Tremblay,Corbin_Torp@gmail.com,79
Micheal Sawayn,Rocky.Schneider@gmail.com,73
Ms. Floyd Williamson,Nikolas9@gmail.com,42
Dominic Witting,Selina.Keeling78@hotmail.com,26
Elisa Leffler,Emmanuelle93@gmail.com,63
Max Sanford,Reanna_Ruecker60@yahoo.com,38
Morris Quitzon,Zoila_Kling@yahoo.com,45
Armando Rutherford,Korbin20@yahoo.com,69
Lila Lockman,Thalia.Brakus39@hotmail.com,49
Clifton Grady,Louisa.Hauck33@yahoo.com,45
Mr. Tabitha Schamberger,Leanne59@yahoo.com,33
Noah Nicolas,Montana25@gmail.com,72
Miss Johnnie Hagenes,Kiana9@yahoo.com,34
Ms. Donald Kassulke,Maggie_Hansen79@gmail.com,21
Tabitha Lemke,Adrien31@yahoo.com,32
Diana Predovic,Dario.Hilpert@yahoo.com,42
Katherine Nikolaus,Pauline70@hotmail.com,57
Sara Schowalter,Joseph41@yahoo.com,51
Anna Turner,Eleanora91@yahoo.com,51
Mary Kuhn,Keira.Osinski95@hotmail.com,18
Valerie Schaefer,Madisen_Pollich8@yahoo.com,68
Travis Torphy I,Aliza.Crist40@gmail.com,29
Kim Conroy,Darlene_Powlowski68@hotmail.com,44
Howard Rippin,Jackson11@yahoo.com,42
Bobbie Muller,Jadyn62@hotmail.com,29
Doyle Rath,Carrie.Bailey11@hotmail.com,22
Freda Glover,Elroy.Vandervort95@yahoo.com,42
Leo Sawayn,Madeline.Jacobi6@hotmail.com,24
Darrell Farrell,Malinda_Considine@hotmail.com,60
Leland Hayes,Kenton_Gleason82@gmail.com,35
Gloria Veum,Melisa.Beahan63@yahoo.com,42
Shawn Prosacco,Nadia.Jaskolski@yahoo.com,44
Eunice Gibson,Lorna.Grady1@hotmail.com,55
Phillip Streich,Abe.Langosh34@gmail.com,73
Grace Flatley,Eladio.McKenzie81@yahoo.com,50
Mr. Miguel Strosin,Meghan_Weimann@gmail.com,68
Mr. Gayle Runolfsson,Haven_Runolfsson@gmail.com,58
Elena White Jr.,Cleo_Bernhard@hotmail.com,52
Rufus Luettgen DVM,Jonathan_Kunde92@hotmail.com,37
Sheldon Wilderman,Sherman_Conroy21@hotmail.com,62
Annette Dickens,Annalise90@gmail.com,40
Henry Wisoky MD,Aaliyah.Terry35@hotmail.com,57
Richard Boyle,Weldon80@gmail.com,23
Terrance Johnson DDS,Pearline_McClure85@yahoo.com,78
Angel Kuhlman,Clark.Moen22@gmail.com,21
Benjamin Schneider,Monserrate.Hammes16@hotmail.com,77
Guy Ortiz,Brent76@yahoo.com,67
Lynda Corwin,Jaylon_Wilkinson16@gmail.com,18
Alvin Gutkowski,Natasha_Trantow@gmail.com,21
Yvonne Blanda,Mathias_Schimmel@hotmail.com,30
Edward VonRueden,Mazie_Wisozk@gmail.com,50
Charles Murray,Raven.Gislason@yahoo.com,21
Earl Nolan,Maritza_Pfeffer17@hotmail.com,30
Shirley Veum,Glennie_Parker@hotmail.com,41
Calvin Morar,Tiara5@hotmail.com,37
Angelina Herzog Sr.,Sydnie38@hotmail.com,43
Scott Goodwin,Amelia_Zieme@hotmail.com,79
Mr. Fernando Howell,Elva43@yahoo.com,59
Steven Schneider I,Kaleigh_Mertz@yahoo.com,73
Traci Orn,Bridgette15@hotmail.com,33
Kristy Rogahn,Jules92@hotmail.com,50
Eunice Rolfson,Vicente.Schiller@gmail.com,36
Darin Greenfelder,Alexzander_Waelchi@yahoo.com,18
Miriam Harber,Daniella_Rogahn@yahoo.com,76
Dominic Schuster,Viviane.Oberbrunner@hotmail.com,29
Bernard Douglas,April56@gmail.com,49
Bob Windler,Wilma_Volkman96@yahoo.com,22
Randolph Predovic,Royce.Kuvalis@gmail.com,76
Ms. Todd Hartmann,Madelyn_Braun@hotmail.com,30
Mr. Lindsay West,Mozell.Rodriguez@yahoo.com,48
Alejandro Pfannerstill MD,Clarissa_Schowalter@yahoo.com,43
Mildred Reilly,Vergie.Stroman86@hotmail.com,72
Jeanette Collins,Arvid11@hotmail.com,26
Luke Dickens,Marjorie.Crist22@hotmail.com,79
Earl Hilpert Sr.,Jayson86@yahoo.com,48
Doug Dibbert,Tracy_Lehner56@gmail.com,31
Curtis Bahringer,Wendy_Jaskolski75@gmail.com,43
Luke Predovic,Willy.Toy74@gmail.com,29
Minnie Treutel,Jade_Pollich4@gmail.com,68
Mr. Moses Dooley,Cordell52@yahoo.com,32
Alexis Miller,Malcolm84@hotmail.com,48
Judith Jacobi,Vesta.Abshire82@hotmail.com,77
Marcella Berge,Bret_Kuhlman18@yahoo.com,25
Mr. Alexandra Crist,Alicia.Gerhold26@gmail.com,47
Charlotte Leffler,Randall52@gmail.com,42
Josephine Kemmer,Tyrell.Bednar@hotmail.com,67
Katie Dietrich,Kaela79@yahoo.com,54
Krista Bednar,Jan_Wehner28@hotmail.com,72
Travis Zemlak,Viva.Renner30@gmail.com,44
Theresa Bashirian,Kenneth6@hotmail.com,36
Kirk Stracke,Ludwig65@gmail.com,33
Ramon Williamson,German_Ferry99@gmail.com,23
Johanna Herman,Delpha_Muller@yahoo.com,54
Miss Alton Waters,Tomas84@hotmail.com,30
Irvin Wolf,Alicia.Kshlerin94@gmail.com,27
Edna Cormier,Jamison_Lesch@yahoo.com,51
Alfonso Langworth,Orin_Cartwright24@hotmail.com,62
Timothy MacGyver,Makayla_Williamson@gmail.com,51
Rosalie Jacobs,Cleta.Walter54@yahoo.com,67
Samantha Kohler,Adela90@yahoo.com,42
Kristen Conroy,Vesta_Denesik@hotmail.com,30
Dr. Fredrick Kunze,Ryan.OConner@yahoo.com,65
Freda Bergstrom,Freda_Kreiger@hotmail.com,25
Phil Welch,Sage29@yahoo.com,39
Ms. Tyler McLaughlin,Cicero_Koch@gmail.com,70
Arnold Watsica,Brice46@hotmail.com,49
Lois Ryan,Jacques_Krajcik63@hotmail.com,49
Miss Leslie DuBuque,Luther_Koch@yahoo.com,34
Myron Schuppe,Warren98@yahoo.com,23
Sean King Sr.,Leon.Swift22@gmail.com,67
Mr. Jonathan Kunze,Max16@hotmail.com,48
Ms. Myra Gleason,Judd86@gmail.com,57
Mrs. Veronica Hegmann,Meta_Moore@gmail.com,49
Russell Rosenbaum,Nellie3@yahoo.com,59
Shelia O'Conner,Claud.Lemke4@hotmail.com,44
Dr. Nadine Luettgen,Melany.West23@yahoo.com,72
Emanuel Mayer,Aubrey_Osinski10@gmail.com,18
Norman Weissnat,Autumn_Ebert19@yahoo.com,37
Lula Waters,Litzy_Wunsch89@yahoo.com,75
Isabel Hirthe,Estel.Kihn76@hotmail.com,42
Francis Heller,Gordon7@yahoo.com,61
Dennis Casper Sr.,Amani_Bartell66@gmail.com,79
Caleb Volkman,Lindsay58@hotmail.com,40
Marian Ferry,Delphine_Nolan@hotmail.com,63
Victor Sporer,Casimir78@hotmail.com,36
Mrs. Owen Cruickshank,Savanna85@yahoo.com,56
Dana Kuhn,Sister64@gmail.com,25
Katherine Swift,Lilla_Skiles88@hotmail.com,21
Dan Kuvalis,Darryl_Miller69@hotmail.com,68
Vernon DuBuque,Kaleigh4@yahoo.com,51
Claudia Wisozk,Janelle.Klocko56@yahoo.com,57
Jennifer Kris,Kameron_Moore48@yahoo.com,35
Mr. Shawn Connelly,Alek_Mitchell@hotmail.com,32
Wayne Grant,Alvera.Kessler16@gmail.com,60
Wilbert Bernier,Kyla14@hotmail.com,69
Alfonso Runolfsdottir,Asha_Kessler@gmail.com,41
Tracy Rempel,Marshall.Fay20@yahoo.com,57
Mary Klocko,Berneice40@hotmail.com,71
Jessie Stark DDS,Jerry_Terry@hotmail.com,43
Walter Grant,Montana_Wyman0@hotmail.com,64
Charlene Stamm,Raleigh_Larson@hotmail.com,66
Don Stracke,Baby60@yahoo.com,80
Ada Torphy,Connie.Swift96@gmail.com,20
Douglas Ledner,Nadia73@yahoo.com,46
Wendell D'Amore,Adalberto_Stroman@yahoo.com,23
Arthur Murazik DDS,Idella73@yahoo.com,31
Wilson Beer,Misty_Howell@hotmail.com,44
Abraham Olson,Amos.Kunde@yahoo.com,25
Kathy Leuschke,Anderson.Moore@hotmail.com,30
Wilbert Heathcote,Leonardo.Wilderman20@hotmail.com,76
Benny Thompson,Alice.Padberg@yahoo.com,77
Cristina Feil,Sarina27@yahoo.com,78
Jimmie Roob,Wilma20@yahoo.com,79
Marcus Huels,Jayda_Larson7@yahoo.com,24
Gail Adams,Mossie79@yahoo.com,59
Mrs. Lynne Feeney,Stan73@yahoo.com,63
Miss Mark Reynolds,Rosalind.Schmitt53@yahoo.com,19
Tina Doyle,Tiana_Block@yahoo.com,31
Timmy Jacobson III,Jaren1@gmail.com,40
Albert Moen,Melany.Rippin@gmail.com,73
Derrick Ferry,Lina_Gislason@hotmail.com,40
Mrs. Harvey Collier,Kenneth_Sawayn@yahoo.com,71
Teri Monahan I,Horace86@yahoo.com,38
Dr. Hector Wilkinson,Lisandro.Heaney65@yahoo.com,23
Don Barrows,Okey36@yahoo.com,63
Ms. Beth Tromp,Toni52@yahoo.com,29
Harry Kub,Bonita_Volkman@hotmail.com,45
Becky Walker,Jaclyn_Marquardt28@hotmail.com,75
Jodi Ward,Daniella.Smith@gmail.com,64
Mrs. Laura Huel,Berneice.Powlowski81@hotmail.com,70
Sarah Connelly,Mathew94@yahoo.com,23
Betsy D'Amore,Lempi52@gmail.com,46
Geneva Erdman,Eve.Wintheiser84@gmail.com,56
Chad Schneider,Aliya.Hegmann@yahoo.com,57
Sheila Thompson,Forrest19@yahoo.com,74
Helen Nikolaus,Ryder.Larkin@yahoo.com,27
Wesley Olson,Jaunita_Wyman88@hotmail.com,29
Juana Klocko,Karley.Luettgen42@hotmail.com,26
Brenda Towne,Gussie_Fay@yahoo.com,43
Tasha Conroy,Romaine.Sanford16@hotmail.com,54
Silvia Shanahan,Jackson53@hotmail.com,28
Elisa Pfannerstill,Dave_Roob96@yahoo.com,80
Justin Terry,Mauricio_Leannon73@yahoo.com,26
Carl Sawayn,Adrianna68@gmail.com,31
Jessica Marquardt,Lucinda16@hotmail.com,79
Abraham Murray,Pearl35@hotmail.com,48
Dewey Luettgen,Brooklyn_Kiehn@yahoo.com,29
Pat Zieme,Vergie_Dibbert19@gmail.com,40
Hilda Hirthe,Kaci_Schowalter@yahoo.com,62
Valerie Kunze,Zack_Hand12@yahoo.com,25
Dr. Rachel Gerhold,Cooper_Nienow@hotmail.com,22
Teri Halvorson,Bethany.Abshire25@gmail.com,29
Cary Herzog,Kassandra86@gmail.com,32
Byron Johns Sr.,Jazlyn64@gmail.com,71
Peter Gibson,Rita_Monahan@gmail.com,51
Virginia Keeling,Quincy.Hoeger@yahoo.com,44
Jake Quitzon,Ottilie_Kerluke@hotmail.com,53
Kristine Spencer,Chaim.Shields@hotmail.com,35
Jamie Runolfsson,Colby85@hotmail.com,58
Fred Jenkins Sr.,Boris44@yahoo.com,38
Josefina Morar,Verna1@hotmail.com,21
Warren Nienow,Zakary_Kreiger@yahoo.com,21
Rene Funk,Zoey_Streich@hotmail.com,57
Kay Miller,Lyda_Beier@yahoo.com,76
Grant Grady,Allene_Stroman@yahoo.com,51
Ellen Howe MD,Lucious97@yahoo.com,39
Bertha Collins,Alison.Mueller72@hotmail.com,20
Lora Heaney II,Else.Kemmer60@hotmail.com,36
Jimmie Larson,Dion92@hotmail.com,23
Eileen Sipes,Shakira29@yahoo.com,30
Rickey Brakus,Randy_DAmore@yahoo.com,52
Diane Kulas,Gerhard25@yahoo.com,28
Bonnie Hoeger,Ocie.Franecki@gmail.com,34
Frances Mohr,Josiah_Williamson68@hotmail.com,29
Cecil Pouros,Myrtle_Jacobi21@hotmail.com,63
Matthew Weissnat,Delmer74@yahoo.com,59
George Wuckert,Malachi.Stokes@gmail.com,60
Faye Rippin,Eryn.Gusikowski30@hotmail.com,74
Leonard Kshlerin,Melany41@gmail.com,69
Ted Purdy,Christ97@hotmail.com,69
Shari Rogahn,Roberta.Davis49@hotmail.com,49
Kayla Stokes,Christopher_Stokes@hotmail.com,77
Guy Douglas,Akeem_Borer@gmail.com,45
Mr. Misty Swaniawski,Daphne.McCullough@hotmail.com,54
Johnnie Morissette,Bartholome_Rogahn56@hotmail.com,23
Roosevelt Howell,Raphaelle85@hotmail.com,44
Roy Hilll,Lucienne_Roob@yahoo.com,63
Mable Aufderhar,Daren99@hotmail.com,68
Ms. Marjorie Bruen,Evalyn.Jacobson@gmail.com,78
Sherry Stoltenberg,Erwin.Gulgowski@yahoo.com,61
Willard Dach,Selmer76@hotmail.com,62
Mrs. Timmy West,Roger96@hotmail.com,20
Nettie Lakin,Vidal_Stroman54@gmail.com,71
Juan Jerde,Rylee.Muller39@gmail.com,55
Ervin Vandervort,Julio.Williamson85@hotmail.com,76
Ms. Bessie Gislason,Wilson.Heidenreich@gmail.com,47
Ms. Rachael Stehr,Macey.Ziemann26@hotmail.com,40
Gregory Beahan,Jameson18@hotmail.com,70
Timothy Mills,Annamae.Borer97@yahoo.com,71
Joel Kovacek V,Meta.Davis18@yahoo.com,25
Maureen Anderson,Zoila_Stark41@gmail.com,42
Marlene Schmitt,Ryan48@hotmail.com,68
Garrett Rippin,Laura.Jones1@hotmail.com,56
Terri Balistreri,Cierra.Blanda@hotmail.com,36
Virgil Dietrich,Megane_Hirthe@hotmail.com,70
Gloria Lang,Adonis_Kunze@gmail.com,33
Amelia Pfeffer,Ross_Reynolds@hotmail.com,46
Colleen Kshlerin,Gene.Schoen19@yahoo.com,50
Jordan Medhurst,Zechariah.Mohr17@yahoo.com,74
Aaron Stark,Frieda95@yahoo.com,25
Vivian Hoppe,Magnolia.Boehm@gmail.com,45
Jake Kub I,Adonis64@gmail.com,63
Ruben Robel,Tyrel_Pollich92@yahoo.com,76
Faith Auer,Einar_Larson43@gmail.com,74
Jan Sawayn V,Andreanne.Hermann@yahoo.com,79
Mabel Hills,Melisa_Farrell@gmail.com,64
Allen Jerde IV,Harmon_Lesch66@hotmail.com,55
Meredith Sanford,Mabelle.Jacobi@yahoo.com,56
Samuel Zemlak,Chauncey_Satterfield20@yahoo.com,42
Hattie Bednar Jr.,Casandra_Deckow26@yahoo.com,24
Mrs. Camille Pacocha,Brenden.Bauch6@hotmail.com,25
Mrs. Penny Morar,Roel_Upton@gmail.com,44
Rickey McClure,Tad51@gmail.com,76
Judith Klein,Jarrod_Cassin@hotmail.com,30
Mr. Alexandra Bosco,Dylan.Wiza8@gmail.com,49
Flora Kuhic,Jamie.Stroman@gmail.com,51
Bob Gerhold Jr.,Felicity.Batz@yahoo.com,69
Lloyd Funk,Ethel60@gmail.com,27
Faith Hegmann,Meaghan_Hills@yahoo.com,35
Nelson Boehm,Elna_Beahan@hotmail.com,59
Donna Mills,Nicklaus_Schamberger@gmail.com,78
Jim Fritsch,Brandyn.Yost66@hotmail.com,45
Mr. Howard Rippin,Dell.OReilly64@hotmail.com,80
Mrs. Vicky Maggio,Karlee_Orn54@gmail.com,37
Rudolph Armstrong MD,Hubert_Legros@yahoo.com,57
Ms. Dexter Schumm,Benjamin3@hotmail.com,50
Steve Kuvalis,Emil_Ward60@hotmail.com,46
Kristen Rutherford,Everette30@gmail.com,55
Ms. Conrad Johns,Colleen28@hotmail.com,35
Tiffany Weissnat,Gabe20@gmail.com,33
Miriam Hackett,Austin78@hotmail.com,41
Luis O'Keefe,Danika5@yahoo.com,42
Kristie Senger,Patricia74@hotmail.com,49
Christopher Pfeffer,Vanessa.Hagenes@hotmail.com,43
Victor Shields,Velva_Abshire@gmail.com,27
Miguel Cormier,Emery69@gmail.com,50
Mr. Mack Reichel,Derick_Roob23@yahoo.com,36
Maureen Okuneva,Grayce_Hegmann47@gmail.com,33
Viola McLaughlin,Dovie.Dickinson2@yahoo.com,33
Casey Kertzmann,Raphaelle_Hirthe@yahoo.com,80
Jim Donnelly III,Johanna.Denesik@hotmail.com,44
Kristen Schumm,Karelle_Altenwerth@gmail.com,29
Dennis Gerlach,Terrance_Corkery@hotmail.com,36
Melody Goyette,Johnathan83@yahoo.com,78
Doug Conn Jr.,Kale_Kuvalis96@hotmail.com,79
Heather Renner,Kailey99@gmail.com,27
Casey Bechtelar,Ayla_Mayer@hotmail.com,54
Miss Horace Will,Pete17@yahoo.com,63
John Fadel I,Damian_Barrows14@hotmail.com,39
Lauren Jacobs,Jennings44@gmail.com,43
Christine O'Keefe,Cornelius_Konopelski38@hotmail.com,64
Kirk Braun,Cade94@hotmail.com,53
Ms. Beth Brekke,Rylee58@gmail.com,68
Gerard Lockman,Desiree_Beahan@gmail.com,60
Alice Aufderhar MD,Norval.Prohaska@hotmail.com,36
Dustin MacGyver,Benedict.Waelchi@gmail.com,55
Eula Greenholt,Murray_Nolan@yahoo.com,35
Reginald Gutmann,Cindy.Morar25@gmail.com,63
Carla Walter,Nelle.Steuber16@hotmail.com,33
Wendy Ryan,Ludie_Koepp75@hotmail.com,24
Elsa Sawayn I,Tanya_Dickinson@yahoo.com,46
Irvin Botsford,Mason.Heathcote43@hotmail.com,65
Ronnie Wiegand,Johathan.Volkman79@hotmail.com,68
Annie O'Reilly,Jerod_Hilpert14@gmail.com,57
Darren Steuber V,Ramon99@yahoo.com,59
Terrell Bashirian,Roy.Kessler@hotmail.com,69
Terrence Dickinson,Hailee13@gmail.com,33
Ms. Chester Balistreri,Craig64@yahoo.com,74
Elsie Kunze,Arnaldo.Price99@hotmail.com,36
Sheila Huels DDS,Kacey_Parisian46@gmail.com,38
Mrs. Luz Ullrich,Kellen_White4@gmail.com,31
Santos Grady,Alison_Stanton42@gmail.com,65
Lucas Howell,Lonzo_Murazik@gmail.com,67
Ron Morissette,Ressie.Jast@gmail.com,34
Yvette Monahan II,Barry22@yahoo.com,35
Lawrence Armstrong,Beau_Grant4@yahoo.com,65
Reginald Kuhlman,Kaela52@yahoo.com,30
Nick Cummerata,Nathaniel5@hotmail.com,27
Gilbert Barton,Jamel.Hamill25@hotmail.com,61
Lorenzo Nicolas,Kailee1@hotmail.com,25
Aaron Daniel,Cierra.Kuhn@hotmail.com,79
Shannon Brown,Abel.VonRueden@gmail.com,48
Lorena Bernier,Garrison.Kunze17@yahoo.com,42
Miss Johnathan Connelly,Ewell.Kuhlman81@gmail.com,39
Irving Kuphal,Alana_Torp@gmail.com,22
Dr. Laurence Littel,Antwan_Bruen@yahoo.com,77
Lorraine Towne,Jared_Bogan@hotmail.com,76
Maria Parker,Ambrose_Wolff85@yahoo.com,67
Beatrice Lubowitz,Kirstin.Jakubowski@gmail.com,64
Marcella Kuhlman PhD,Nikko_Schmidt@yahoo.com,31
Ronald Romaguera,Jana.Stanton@yahoo.com,77
David Sipes PhD,Maritza65@hotmail.com,48
Lois Hand,Jayne.Weimann@gmail.com,73
Cindy Gottlieb,Dion_Krajcik@hotmail.com,78
Ross Jacobson,Verner_Champlin@yahoo.com,76
Rick Haag,Anderson.Schroeder@yahoo.com,41
John Altenwerth,Aletha.Rath@yahoo.com,26
Larry Konopelski,Phoebe_Sauer@hotmail.com,50
Brett Bins MD,Myrtice_Hickle62@yahoo.com,37
June Tromp,Maryjane25@gmail.com,78
Mae Windler,Joanie15@yahoo.com,24
Spencer Langosh,Brandy_Lemke@hotmail.com,41
Eduardo Wisoky,Keara_Smitham45@hotmail.com,60
Bobby Lueilwitz,Golden.Thompson24@gmail.com,53
Jeanette Denesik,Ignacio.DuBuque39@hotmail.com,70
Toni Doyle,Arely.Shields55@hotmail.com,18
Amelia Schmitt I,Geovany29@gmail.com,49
Moses Krajcik,Ricardo60@yahoo.com,73
Kathleen Bogan,Dorothea53@gmail.com,68
Tabitha Veum,Wilburn.Labadie@gmail.com,43
Mr. Mike Littel,Leila_Schuster@gmail.com,67
Jan Barrows,Kamryn_Balistreri3@gmail.com,48
Dr. Leonard Jaskolski,Torey.Lemke@hotmail.com,50
Jeremy Raynor,Orion_Torp@hotmail.com,46
Mr. Darren Veum,Laisha95@gmail.com,73
Kim Schuppe,Polly_Koch62@hotmail.com,74
Roy Reynolds,Annabel56@gmail.com,43
Enrique Murazik,Matilda_Bogisich@gmail.com,34
Jan Gottlieb,Lillian1@gmail.com,67
Michele Nienow,Greg_Koepp60@gmail.com,26
Miss Levi Hackett,Dana.Jaskolski@gmail.com,34
Renee Hauck,Leonora56@yahoo.com,32
Annie Durgan II,Jon.Lockman24@yahoo.com,38
Jeremy Raynor,Minnie30@hotmail.com,64
Josh Quitzon,Kelton97@hotmail.com,64
Anna Ward IV,Mavis_Daugherty33@yahoo.com,61
Denise Jacobi,Cordie_Kassulke22@hotmail.com,62
Kristine Wintheiser,Richmond.McClure76@hotmail.com,70
Mrs. Lydia Torphy,Kamryn_Gislason@gmail.com,73
Margaret O'Connell,Theodora.Leffler@yahoo.com,60
Earnest Pfannerstill,Kay_Blanda@gmail.com,66
Brandi Luettgen,Charlie43@yahoo.com,37
Brooke Stark,Hazle10@gmail.com,79
Mrs. John Reinger,Bobby.Stoltenberg82@hotmail.com,80
Neal Leffler,Colt.West66@hotmail.com,47
Marvin Bahringer,Woodrow.Towne@yahoo.com,25
Jessie Runolfsson,Eric60@hotmail.com,57
Chad Boyer,Wilbert_Rosenbaum54@gmail.com,55
Lionel Tromp DDS,Alyson.Schuster23@yahoo.com,62
Jean Bayer III,Roberto.Will@hotmail.com,20
Carolyn Shanahan,Nella_Bins39@yahoo.com,74
Vickie Brakus,Jabari.Harber0@gmail.com,80
Sherman Rice,Matteo_Durgan@gmail.com,71
Tracey Wehner,Rigoberto39@yahoo.com,31
Rufus Walker,Fermin71@yahoo.com,41
Mr. Alejandro Mills,Paige_Franecki@yahoo.com,34
Jeremy Lebsack Sr.,Lew83@gmail.com,66
Irvin Schroeder,Adela_Dickinson@yahoo.com,48
Christina Ward,Jerod_Hoeger81@hotmail.com,46
Sheryl Spinka,Nikita40@gmail.com,59
Nora Corwin,Candida.Fadel@yahoo.com,60
Anne Jones,Carmela.Bode@hotmail.com,28
Mrs. Jacquelyn Johns,Ruth49@yahoo.com,43
Juan Moore,Isac.Schroeder55@yahoo.com,29
Mr. Eduardo Watsica,Judson.Feest@hotmail.com,45
Marc Nolan,Brenna_Corkery@gmail.com,21
Derrick Jast,Retta50@yahoo.com,71
Gilberto Kilback DDS,Jordi51@hotmail.com,18
Valerie Ondricka,Lilyan.Conroy21@hotmail.com,24
Virgil Beer,Palma_Kuhlman@hotmail.com,31
Krista Hamill,Fleta.Kris@yahoo.com,54
Mrs. Omar Stehr,Alessia70@hotmail.com,63
Isabel Cruickshank,Alanis_McGlynn@gmail.com,27
Teri Langworth,Marisol_Weissnat@yahoo.com,53
Marshall Beatty,Kayley97@yahoo.com,57
Geneva Adams V,Cali20@hotmail.com,60
Shane Lueilwitz,Shemar25@hotmail.com,76
Andy Frami,Emmie92@hotmail.com,30
Christy Ziemann,Elissa53@yahoo.com,51
Maggie Hettinger,Diamond.Kunze@yahoo.com,67
Bertha Lueilwitz,Effie.Hirthe@yahoo.com,42
Rosa Swift,Wilhelm17@gmail.com,18
Ms. Celia Legros,Cristina78@hotmail.com,53
Elena Rice I,Reva.Fisher98@hotmail.com,43
Krista Fritsch,Christina.Muller@gmail.com,23
Eva Wunsch,Kira_Murphy@yahoo.com,61
Jose Runolfsdottir DVM,Louie_Beier16@gmail.com,60
Georgia Klein,Marcellus.Russel22@gmail.com,25
Dr. Marcella Nienow,Roosevelt_Gibson92@gmail.com,74
Inez O'Hara,Virgie.Klein70@gmail.com,73
Verna Fay,Tia0@yahoo.com,50
Teri Macejkovic,Roslyn.Casper75@yahoo.com,64
Hugh Schiller,Laverna58@yahoo.com,67
Mrs. Glenda Powlowski,Arianna_Collins@hotmail.com,19
Joe Thompson,Jakob.Rath@yahoo.com,49
Bessie Corkery,Jairo.Weimann@gmail.com,37
Terrell Lynch,Novella.Beier@yahoo.com,73
Melody Casper,Deja_Moen@hotmail.com,29
Lucille Reilly,Jaycee.Stokes@hotmail.com,41
Tonya Hane,Agnes_Schulist@yahoo.com,37
Dr. Cedric Boyer,Giovanny_Hayes@gmail.com,48
Bobbie Block,Assunta.Feest@yahoo.com,49
Enrique Schaden,Duane13@gmail.com,74
Ms. Gregg Keeling,Kenton18@yahoo.com,44
Jeremy Jones,Roger_Hickle@yahoo.com,37
Randy Borer V,Darren14@hotmail.com,45
Candice Bosco III,Kendall80@hotmail.com,41
Jordan Romaguera,Carmel_OHara2@hotmail.com,52
Alyssa Schumm,Monica91@hotmail.com,77
Alex Von,Laurel50@yahoo.com,45
Mr. Edward Heaney,Immanuel71@gmail.com,54
Janie Jones,Avis7@yahoo.com,44
Lucia Torphy III,Isaac11@yahoo.com,50
Allison Padberg,Tod_Hirthe41@yahoo.com,68
Johnnie Harvey,Genesis.Blick@gmail.com,32
Alice Mosciski,Dereck.Williamson46@yahoo.com,35
Lucille Hand,Michelle_Heidenreich@yahoo.com,68
Patsy Blick,Malinda60@yahoo.com,47
Thomas Langosh,Lulu_Crist@yahoo.com,46
Miss Lewis Prohaska,Rosina.Cruickshank@yahoo.com,23
Carlton Grant,Kali.Sanford87@gmail.com,62
Mr. Sam Paucek,Fern8@gmail.com,57
Kellie Prohaska,Alexandrine.Stanton@gmail.com,53
Miss Clay Rath,Erik_Romaguera20@yahoo.com,65
Jimmie Rodriguez,Ursula_Ullrich@hotmail.com,44
Jake Goodwin,Van22@hotmail.com,74
Lester Abernathy,Lon.Rogahn@yahoo.com,19
Allen Balistreri,Delaney_Grant@yahoo.com,56
Jeffery Rice,Jonathan_Huel77@hotmail.com,72
Brittany Huels,Erick40@gmail.com,19
Jo Boehm,Kimberly60@yahoo.com,19
Grady Kessler,Hank51@hotmail.com,65
Ted Legros Sr.,Nathen.Morissette34@yahoo.com,66
Theodore Hamill MD,Carolina.Bruen3@gmail.com,62
Mr. Tina Kling,Benjamin_Gutmann@gmail.com,24
Jesse Daugherty,Destiny.Bogisich@yahoo.com,54
Travis Greenfelder,Abel.Bernier52@hotmail.com,48
Patrick Schneider,Hal6@gmail.com,43
Vincent Kunde,Mariana.Mohr@gmail.com,50
Manuel Marks,Wanda_Kihn@hotmail.com,39
Dr. Eula Gusikowski,Haskell_Von@yahoo.com,20
Julie Kassulke,Judson.Crooks@yahoo.com,23
Violet Littel,Michale24@yahoo.com,57
Frankie Schimmel DVM,Urban.Flatley@gmail.com,74
Rosemary VonRueden DDS,Mercedes43@yahoo.com,52
Kristopher Mohr,Deon_Weimann@yahoo.com,26
April Nitzsche,Novella_Johnston22@yahoo.com,69
Mr. Jonathan Lueilwitz,Antonia_Effertz@hotmail.com,45
Celia Moen,Dagmar97@gmail.com,79
Kristy Lind,Everette.McDermott13@yahoo.com,42
Brandy Weissnat,Leonel.Leuschke60@hotmail.com,60
Miss Roland Koelpin,Ida54@gmail.com,72
Constance Lind,Cade_Erdman71@gmail.com,19
Alicia Hand,Orin.Schmitt@gmail.com,72
Jermaine Jacobi,Nedra41@gmail.com,42
Wilma Upton,Corene97@gmail.com,24
Frederick Wolff,Donnie.Nitzsche@hotmail.com,20
Krista Feeney,Arnulfo.Green@gmail.com,30
Gordon Koss,Genesis11@gmail.com,43
Claude Ryan,Marlene.Brown@gmail.com,35
Harvey Farrell PhD,Dortha_Crooks@gmail.com,48
Alberta Kub,Randi80@gmail.com,55
Grace Bins,Darren_Rippin10@hotmail.com,19
Candace Grady,Liliane47@hotmail.com,27
Dr. Jesus Turcotte,Ebba40@hotmail.com,40
Antonio Huels,Matt59@hotmail.com,50
Eduardo Sporer,Gwendolyn.Ankunding3@gmail.com,36
Felicia Powlowski III,Viola66@yahoo.com,30
Sandy Barrows,Oswaldo.Trantow96@gmail.com,30
Jimmy Cremin PhD,Dolly25@gmail.com,51
Mr. Winifred Wiegand,Mariam69@yahoo.com,53
Antonia Corkery,Abdul48@yahoo.com,55
Allen Leannon,Frank82@gmail.com,71
Dave Wolff,Kaylie88@gmail.com,68
Bessie Denesik V,Abraham.Wilderman64@hotmail.com,71
Johnnie Senger,Eleonore_Carroll@gmail.com,38
Elvira Prosacco,Jeffry_Rau@yahoo.com,74
Melanie Cruickshank,Adriel93@hotmail.com,80
Dr. Salvatore Ebert,Leopoldo19@gmail.com,27
Felix Anderson,Jerrod59@gmail.com,24
Eileen Marquardt,Kristian.Gorczany86@yahoo.com,57
Clarence Mayert,Gisselle41@hotmail.com,43
Veronica Stanton I,Brittany90@yahoo.com,79
Mr. Beulah Stark,Ramiro_Hauck50@gmail.com,68
Jordan Jones,Halie49@hotmail.com,51
Eva Corkery,Cleora_Lowe19@yahoo.com,32
Erick Kautzer,Emmie.Volkman31@yahoo.com,69
Delia Grant,Pearline.Bergstrom@hotmail.com,75
Miss Gertrude Quigley,Jonas.Jacobson@gmail.com,19
Dr. Preston Kirlin,Macy.Jakubowski@yahoo.com,30
Gloria Spencer,Ari_Upton63@gmail.com,49
Melody Barrows,Kathleen.Terry19@gmail.com,44
Josh Bailey,Webster_Durgan74@hotmail.com,56
Lionel Wilkinson,Sandra25@hotmail.com,52
Kerry DuBuque,Ryan.Champlin@hotmail.com,54
Steve Bogisich,Jimmy_Ritchie@yahoo.com,54
Rachael Williamson,Erna.Fahey@hotmail.com,34
Penny Kihn,Jaycee.Bergstrom11@gmail.com,54
Edith Bechtelar,Luigi.Abernathy@yahoo.com,58
Johanna Torphy,Albina_Willms10@yahoo.com,48
Virginia Batz II,Lorine85@hotmail.com,75
Katrina Hauck,Jairo.Lang@hotmail.com,18
Peggy McDermott,Leta17@gmail.com,74
Marco O'Hara,Jaydon.Connelly@hotmail.com,31
Violet Gulgowski,Katheryn76@gmail.com,36
Zachary Kertzmann,Rick.Langworth@hotmail.com,77
Jamie Kub,Kay41@hotmail.com,65
Ismael Bartell,Amir54@gmail.com,44
Julia Jaskolski,Cecelia_Hansen@yahoo.com,32
Arthur Ankunding,Asia.Tromp@gmail.com,55
Johnnie Walker,Alberto47@yahoo.com,19
Eleanor Effertz,Enid.King96@yahoo.com,29
Ted Schulist,Aaliyah.Keebler@hotmail.com,36
Lance Bosco,Rubye_Carter@hotmail.com,66
Ms. Winifred Roob,Alexis_Wyman@hotmail.com,40
Al Wilderman,Nicklaus11@yahoo.com,65
Caleb Wehner,Brook_Maggio89@yahoo.com,55
Beth Gibson,Kenny39@hotmail.com,24
Miranda Botsford,Brad_Cremin25@gmail.com,36
Mr. Mae Grimes,Myron_Larson66@gmail.com,29
Maurice Reichel,Audreanne_Prosacco@yahoo.com,55
Salvador Adams II,Adelbert6@yahoo.com,22
Kari Friesen,Kyla_Dicki@yahoo.com,68
Maxine Huel,Harold_OConner@gmail.com,36
Patsy Larkin,Mariam_Senger@gmail.com,36
Mrs. Steve Stamm,Brennon.Adams79@gmail.com,46
Fredrick Tremblay,Rico.Muller@yahoo.com,77
Merle Schroeder,Ernestina79@hotmail.com,60
Cesar Schiller,Waldo_VonRueden@gmail.com,75
Herman Wilderman,Yessenia.Schinner@yahoo.com,56
Marcia Lakin,Lou_Mann1@hotmail.com,79
Erika Pollich Jr.,Emil.Borer@gmail.com,57
Jermaine Homenick DDS,Samantha.Weissnat17@gmail.com,22
Peggy Mann,Garnet_Hammes56@hotmail.com,56
Kayla Gusikowski,Cleta.Littel34@hotmail.com,58
Regina Hermiston,Jorge_Conroy@yahoo.com,61
Sheryl Corkery,Agnes_Bechtelar@hotmail.com,34
Miss Jodi Hudson,Dasia96@gmail.com,42
Sarah Ratke,Olaf_Hartmann@gmail.com,64
Chris Schuppe,Reece.Collier@yahoo.com,40
Bradford Kulas,Rosendo.Sipes@yahoo.com,53
Clifford Kovacek,Favian61@yahoo.com,31
Emmett Luettgen,Paige_Fritsch@gmail.com,69
Paula Kutch,Rod_Rice@hotmail.com,70
Mrs. Debbie Lesch,Kamryn33@gmail.com,23
Sara Johns,Kody_Kuhlman76@yahoo.com,39
Darlene Gerlach,Waino.Lebsack@yahoo.com,21
Irvin Hegmann,Ellie46@gmail.com,37
Melvin White V,Zoey.Batz16@gmail.com,30
Javier Casper,Destini75@gmail.com,26
Roland Harber,Oral.Strosin54@gmail.com,48
Robyn Konopelski,Leora.Weissnat@gmail.com,58
Beulah Smith,Angel31@gmail.com,40
Michelle Jenkins,Brennon7@gmail.com,21
Gretchen Bechtelar IV,Anderson_Dickens36@gmail.com,44
Dexter Raynor,Austen.MacGyver65@gmail.com,52
Cassandra Labadie,Urban.Nicolas88@hotmail.com,65
Julian Wehner,Fredy.Sawayn51@hotmail.com,31
Mrs. Ervin Jenkins,Tess_Kunde@yahoo.com,53
Juan Fadel,Garrett_Jenkins@yahoo.com,58
Duane Connelly,Marielle_Hirthe@gmail.com,29
Lynette Hickle,Marley73@hotmail.com,46
Ms. Virgil Leannon,Gus_McLaughlin91@gmail.com,55
Francis Jaskolski III,Will_Walker@hotmail.com,47
Delbert McDermott,Bertram_Rolfson63@gmail.com,34
Kara Brakus,Buster.McLaughlin16@hotmail.com,72
Yvonne Rice,Amaya_Fritsch@hotmail.com,48
Lyle Hayes,Kristin5@yahoo.com,18
Olivia Douglas I,Timothy12@gmail.com,61
Shirley Dare,Laurel.Bartoletti@gmail.com,50
Henry Rowe,Levi69@gmail.com,29
Miss Rufus Marvin,Stella_Jaskolski@yahoo.com,75
Delores Rolfson,Sallie99@yahoo.com,58
Wilson Orn MD,Christa.Runolfsson@hotmail.com,50
Ginger Kuphal,Coleman23@gmail.com,68
Catherine Senger III,Cathy87@gmail.com,44
Otis Hammes,Thurman4@hotmail.com,62
Phillip Mohr,Rex_Lowe@hotmail.com,61
Ruby Kessler,Vivian_Sawayn@gmail.com,38
Sandy Littel,Alexzander.Cassin39@gmail.com,27
Matthew Haley,Adan28@gmail.com,44
Ronnie Price,Pierce_Murphy43@hotmail.com,20
Mattie Stamm,Lulu19@yahoo.com,72
Pat Schaefer II,Jevon.Halvorson34@yahoo.com,64
Carlton Beahan,Hellen.Cole@yahoo.com,58
Luke Rau,Mose_Conroy@gmail.com,79
Karla Simonis DDS,Ottis8@hotmail.com,57
Jordan Shanahan,Thad22@hotmail.com,30
Sadie Heaney,Arielle26@yahoo.com,50
Lela Upton,Danial.Moen@gmail.com,71
Morris Klein I,Abe_Beier45@gmail.com,22
Lucia Schamberger,Luigi.Ruecker@yahoo.com,61
Frances Beatty Sr.,Dandre.Hills@gmail.com,42
Carla Feest,Aidan74@gmail.com,21
Miss Jessie Conroy,Jacinthe36@gmail.com,57
Evan Hirthe,Berniece7@yahoo.com,43
Marcus Osinski,Dahlia.Bernhard@gmail.com,28
Mrs. Jerome Parker,Ignatius.Ernser@yahoo.com,61
Harold Kerluke,River.Okuneva@hotmail.com,76
Spencer Hammes,Colton48@yahoo.com,60
Nadine Bergnaum,Katrine_Reichert@hotmail.com,42
Mattie Pacocha,Faustino.Breitenberg@yahoo.com,77
Grant Kunde,Pearline42@gmail.com,36
Kari Runolfsson,Osvaldo.Runte9@yahoo.com,54
Kenneth Gleason,Tyshawn_Nitzsche37@yahoo.com,32
Brenda Nitzsche,Dawson_Olson@hotmail.com,59
Tommy Schaden,Ignatius72@hotmail.com,48
Johanna O'Kon,Ignacio_Lehner@gmail.com,34
Oliver Harvey Sr.,Kristin.Stoltenberg@hotmail.com,51
Ann Marks,Hassie74@gmail.com,56
Charles Roberts,Carolyne37@yahoo.com,64
Edmond Murphy,Brenda_Heller@gmail.com,19
Rogelio Stiedemann,Lorenz.Prosacco@yahoo.com,27
Doreen Kuhn,Eloy.Weimann54@gmail.com,65
Todd Dach,Nelda_Kessler@hotmail.com,18
Courtney Streich,Kristina_Wisoky@gmail.com,40
Stacey VonRueden,Ramon66@gmail.com,53
Scott Deckow,Mara.Hills@gmail.com,19
Tasha Farrell,Sonia.Tromp27@hotmail.com,27
Pedro Runolfsson,Brittany84@yahoo.com,42
Edgar Schiller,Rosalia29@hotmail.com,64
Mrs. Elvira Nitzsche,Garett_Kautzer@gmail.com,28
Kristen Rowe,Caterina.Hane@hotmail.com,34
Isaac Gottlieb,Luis22@hotmail.com,46
Annie Heaney,Martine.Beier@gmail.com,53
Lionel Bauch,Therese_Lindgren69@yahoo.com,60
Nelson Collins,Yasmeen49@yahoo.com,45
Milton Hauck,Belle16@hotmail.com,25
Mrs. Edgar Cummings,Travon.Kuhlman@gmail.com,19
Roberta Kessler Jr.,Denis.Donnelly59@hotmail.com,37
Martin Marks,Jessy.Fahey@gmail.com,80
Kathryn Smith,Deonte_Collier@hotmail.com,78
Nicolas Cummerata,Weston26@hotmail.com,58
Susie Satterfield,Cicero_Murphy59@yahoo.com,30
Frankie Schmeler,Zola83@yahoo.com,19
Alyssa White,Reed.Waters95@yahoo.com,62
Jennie Stoltenberg,Aron.Terry@gmail.com,70
Pauline O'Conner,Moses_Marks@gmail.com,39
Dr. Marty Deckow,Jake25@yahoo.com,26
Israel Paucek,Camryn.Daugherty35@yahoo.com,33
Frederick Miller,Calista75@yahoo.com,55
Sarah Wiegand,Loy.Hand@yahoo.com,59
Allison Kessler IV,Amy.Collins@gmail.com,76
Karen Johnston,Terrill.Langworth72@gmail.com,19
Shannon Torphy,Reginald24@gmail.com,23
Paul Hayes,Jany_Graham@hotmail.com,39
Mrs. Terence Russel,Randal_Kunde@yahoo.com,24
Ella Waelchi,Norma_Torp70@gmail.com,80
Miss Daryl Gerhold,Maud_Reynolds83@yahoo.com,71
Mr. Randal Heaney,Danyka.Casper91@gmail.com,75
Roberto Pfannerstill DVM,Marilou_Green@yahoo.com,56
Karl Nikolaus,Hortense33@gmail.com,58
Merle Hartmann,Roxanne_Strosin3@gmail.com,18
Kathleen Labadie,Jaqueline29@hotmail.com,38
Martha Klein,Kenyatta.Pollich32@yahoo.com,45
Sergio Orn,Rosalyn.Schneider@hotmail.com,56
Mr. Phillip Hessel,Austen_Bins@hotmail.com,35
Dr. Bernadette Macejkovic,Damion70@yahoo.com,46
Veronica Graham,Diego60@gmail.com,65
Gwendolyn Macejkovic,Velva_Shields@yahoo.com,37
Robyn Von,Nicola.Hamill51@hotmail.com,35
Rick Schneider,Garfield.Veum@gmail.com,21
Marsha Koelpin,Lauretta.Quitzon@yahoo.com,30
Todd Mitchell,Abraham.Johns50@hotmail.com,69
Carole Powlowski,Soledad.McGlynn@yahoo.com,48
Alexander Kuhn,Nikita.Schroeder@gmail.com,34
Tasha Wilkinson,Cathy79@gmail.com,68
Floyd Will,Carleton_Cruickshank80@yahoo.com,80
Clyde Kihn,Myrtle46@hotmail.com,42
Bonnie Schinner,Reuben34@hotmail.com,56
Edmund O'Kon,Savion76@hotmail.com,62
Whitney Balistreri,Russel4@gmail.com,28
Alicia Conroy III,Jazmin_Bruen@gmail.com,73
Grady Kassulke,Floy50@gmail.com,35
Juana Stark,Lucious_Skiles46@gmail.com,52
Dr. Alyssa Hermiston,Janie78@hotmail.com,71
Vernon Cremin,Vivian55@yahoo.com,62
Leo Bergstrom,Vella96@hotmail.com,36
Micheal Wyman,Zion_Koch@yahoo.com,50
Adrian Oberbrunner,Jane_Stanton74@hotmail.com,35
Angel Brekke,Hank.Bechtelar@yahoo.com,22
Hugo Dach DDS,Billy.Spinka@yahoo.com,47
Stephen Champlin,Dasia_Windler@hotmail.com,44
Louis Maggio,Demario_Breitenberg@hotmail.com,29
Maryann Waters,Kaley_Abshire66@hotmail.com,23
Randal Sauer IV,Mariana73@gmail.com,67
Raquel Padberg PhD,Eve_Bashirian@hotmail.com,71
Howard Luettgen,Johnpaul_Goodwin24@yahoo.com,55
Dr. Dewey Heidenreich,Norene.Goodwin58@hotmail.com,33
Beatrice Kling,Tomas19@hotmail.com,22
Terry Jakubowski,Lance.Bergnaum@hotmail.com,38
Eugene Sipes,Margaret60@hotmail.com,42
Nadine Ondricka,Lela_Larson51@gmail.com,69
Doyle Jacobs,Noble_McLaughlin39@hotmail.com,59
Jack Leannon,Jaden.Schroeder@yahoo.com,31
Donna Bode,Mariela53@yahoo.com,42
Miss Timmy Hand,Howell57@yahoo.com,47
Paula Lehner,Micah89@yahoo.com,43
Dexter Wisoky III,Jake99@hotmail.com,39
Troy Boehm,Megane28@hotmail.com,70
Kathy Williamson,Nedra30@yahoo.com,42
Mrs. Roy Abbott,Khalid.Hermiston85@hotmail.com,36
Mr. Clifford Mayert,Noel_Lehner@hotmail.com,39
Mr. Gerardo Hilll,Bernadette_Rempel@yahoo.com,80
Orville Hammes,Angelica_Langworth@gmail.com,31
Mr. Frankie Cartwright,Jalyn52@gmail.com,60
Mr. Lorenzo Quitzon,Arden39@yahoo.com,75
Brian Vandervort,Valentina_Champlin@yahoo.com,25
Wendell Thiel,Hilda.Cronin@gmail.com,78
Elijah Weimann Sr.,Julia.Hermann39@hotmail.com,75
Rosie Gorczany,Juliana_Bogan79@yahoo.com,40
Florence Beer,Bridget.DAmore@gmail.com,62
Eric Morissette,Shane.Heller@gmail.com,69
Tracey Fahey,Justina_Walsh51@yahoo.com,39
James Rodriguez,Ellie.Altenwerth@gmail.com,21
Nicolas Von,Baylee.Rath84@yahoo.com,22
Gregg Ward,Jamaal_Legros35@gmail.com,75
Amanda Swaniawski,Birdie95@gmail.com,37
Wilson Franecki,Tobin.Fadel@yahoo.com,48
Billie Huels,Nyah_Donnelly16@yahoo.com,40
Gabriel Nikolaus,Annabelle_Anderson@yahoo.com,62
Israel Ebert,Marianna99@yahoo.com,28
Rex Toy,Alison.Kris@hotmail.com,21
Stewart Smith,Tiana_Nader88@hotmail.com,63
Mitchell Klocko,Jade.Champlin78@hotmail.com,23
Mr. Enrique Kemmer,Cleo32@hotmail.com,54
Everett Ruecker V,Major_Murphy@gmail.com,33
Johnny Macejkovic,Maxwell.Graham@yahoo.com,32
Pauline Hansen,Nash.Olson@yahoo.com,41
Janice Toy,Jordi51@yahoo.com,73
Ross Rempel,Kathlyn3@hotmail.com,71
Jody Jacobi,Victoria_Pfeffer@yahoo.com,23
Mario O'Reilly,Rosemary.Leannon81@hotmail.com,71
Jason Boyer,Tiffany_Rath@hotmail.com,65
Donna Runolfsson,America.Mann@yahoo.com,58
Mabel Franecki,Dallin_Harber@hotmail.com,47
Gertrude Heidenreich,Gaston21@hotmail.com,60
Shirley Collier,Deon_Kiehn@yahoo.com,39
Bertha O'Reilly,Chyna_Emard6@yahoo.com,54
Marsha Vandervort,Charlie3@gmail.com,52
Tim Jenkins,Eveline_Emard90@yahoo.com,75
Krista O'Kon,Hannah_OConnell14@yahoo.com,24
Alyssa Kilback,Tracey.Osinski@hotmail.com,50
Opal Walker,Delaney.Collier49@yahoo.com,52
Evan Hyatt,America_Littel4@hotmail.com,72
Mr. Yvonne Wilkinson,Maci74@gmail.com,29
Cindy Kuhic,Rudolph.Murray@hotmail.com,39
Theresa Swaniawski,Maiya27@gmail.com,45
Virgil Krajcik,Carmelo.Rogahn@yahoo.com,52
Maurice Stark,Daniela75@yahoo.com,30
Arnold Hansen,Wilfrid.Quitzon@hotmail.com,32
Winston Crona,Kolby9@gmail.com,74
Guadalupe Rohan,Gracie81@hotmail.com,37
Ira Lubowitz,Kitty.Carter@gmail.com,27
Bryant Botsford,Alexa_Bernhard@hotmail.com,19
Genevieve Schuppe,Paige_Okuneva94@gmail.com,70
Ms. Marco Swaniawski,Erik86@gmail.com,19
Jimmie Simonis,Kylie28@yahoo.com,18
Cassandra Grant,Jude.Waters@hotmail.com,20
Spencer Rowe,Triston.Wuckert@hotmail.com,76
Annie Rau,Jonathan.Larkin38@hotmail.com,46
Orville Hills,Oswald_Collier24@gmail.com,30
Ms. Randolph Orn,Dawson12@hotmail.com,52
Jack Kuvalis DDS,Waylon.Hartmann91@gmail.com,37
Frances Turcotte,Garry.Cassin@yahoo.com,65
Mrs. Rudy Johnson,Jensen_Pfannerstill2@yahoo.com,43
Kerry Sporer,Donato54@yahoo.com,78
Ruben Leffler,Geraldine26@hotmail.com,28
Traci Collier,Eva_Casper94@yahoo.com,23
Scott Shields,Candida.Marvin@yahoo.com,40
Tabitha Connelly,London46@hotmail.com,19
Clyde Haag,Madilyn.Hamill55@gmail.com,78
Miss Woodrow Connelly,Kareem_Kshlerin84@hotmail.com,51
Doris Reichert,Jordyn57@yahoo.com,22
Gustavo Treutel,Jacquelyn_Trantow@gmail.com,33
Miss Roland Kihn,Nathaniel.McClure5@gmail.com,75
Joe Volkman,Gabrielle_Osinski@hotmail.com,30
Judy Hartmann,Jaycee_Klein@gmail.com,44
Johnathan Ullrich,Timothy_Gaylord@yahoo.com,37
Blanche Huel,Grady61@gmail.com,68
Debbie Stracke,Zoe_Shields@yahoo.com,34
Cheryl Stokes,Augusta.Aufderhar16@hotmail.com,50
Ms. Sean Williamson,Fermin73@gmail.com,55
Audrey Sipes,Shanon.Cole48@gmail.com,75
Felipe Roberts DVM,Sigrid.Stark@yahoo.com,26
Roberto Fisher,Adalberto83@hotmail.com,64
Isaac Carroll,Skye.Osinski@gmail.com,53
Rosemary Pfeffer,Terence_Cummings@yahoo.com,76
Tricia Jenkins,Julianne.Price@gmail.com,75
Nancy Hermann,Brenna_Grady@hotmail.com,46
Jim Reichert,Doug.Dickinson@yahoo.com,56
Dorothy Stark MD,Jasen.Maggio39@hotmail.com,70
Mr. Kerry O'Keefe,Kayli60@hotmail.com,29
Sammy Wyman,Kaden.Gorczany19@gmail.com,37
Claire Sporer,Ova84@gmail.com,58
Marcia Davis,Devyn5@gmail.com,64
Julia Feest,Ulices50@hotmail.com,50
Otis Dickens,Chanelle52@yahoo.com,35
Kristi Turcotte,Conor_Corwin8@hotmail.com,58
Dwayne Kuhn DDS,Lavern.Russel@yahoo.com,69
Sam Welch,Carmella_Tremblay47@gmail.com,77
Ramona Abernathy,Anastasia.Senger@yahoo.com,50
Olive Monahan Jr.,Isabell.Cole@hotmail.com,75
Gloria Hartmann,Danika0@gmail.com,46
Maria Moore,Nola_Hamill@yahoo.com,30
Lance Smith,Deonte.Fay35@hotmail.com,52
Esther Pouros,Lori34@hotmail.com,18
Betsy Heathcote,Guadalupe_Orn27@yahoo.com,18
Tomas Kiehn,Raina_Stanton32@hotmail.com,44
Howard Sawayn,Keely.Mante69@hotmail.com,26
Becky Price,Kayla78@yahoo.com,37
Darla Schaden,Annalise_Legros@gmail.com,31
Claudia Koepp III,Trystan_Lowe@yahoo.com,78
Derek Windler,Maggie70@gmail.com,72
Antoinette Dickinson,Amani.Luettgen9@gmail.com,44
Lowell Price,Myrtis_Kuvalis2@hotmail.com,76
Pat Stiedemann,Florian_Altenwerth@yahoo.com,64
Carmen MacGyver,Eulalia.Bergstrom23@hotmail.com,45
Harvey Rutherford,Griffin74@hotmail.com,61
Teresa Gleason IV,Daniella28@gmail.com,52
Sheryl Leuschke,Tristian.Larkin@yahoo.com,33
Flora Greenfelder,Fred_Zieme41@hotmail.com,46
Renee Hirthe,Eloisa_Funk@hotmail.com,47
Benjamin Wuckert,Earlene_Botsford@hotmail.com,59